{
  "vlans": {
    "10": {
      "name": "Faculty",
      "endpoints": [
        {
          "id": "FAC-PC1",
          "apps": [
            {
              "type": "web",
              "peak_mbps": 10
            },
            {
              "type": "video",
              "peak_mbps": 20
            }
          ]
        },
        {
          "id": "FAC-PC2",
          "apps": [
            {
              "type": "web",
              "peak_mbps": 8
            }
          ]
        }
      ]
    },
    "20": {
      "name": "Students",
      "endpoints": [
        {
          "id": "STU-LAB1",
          "apps": [
            {
              "type": "web",
              "peak_mbps": 5
            },
            {
              "type": "p2p",
              "peak_mbps": 10
            }
          ]
        },
        {
          "id": "STU-LAB2",
          "apps": [
            {
              "type": "web",
              "peak_mbps": 5
            },
            {
              "type": "stream",
              "peak_mbps": 15
            }
          ]
        },
        {
          "id": "STU-LAB3",
          "apps": [
            {
              "type": "web",
              "peak_mbps": 3
            }
          ]
        }
      ]
    }
  }
}